{
  "endpoint": "ik_llama",
  "model": "ik_llama",
  "level": "full",
  "preset": "greedy",
  "max_tokens": 16,
  "sample": 600,
  "sample_seed": 0,
  "n": 600,
  "correct": 511,
  "accuracy": 0.8516666666666667,
  "unparsed": 0,
  "elapsed_s": 414.4,
  "by_language": {
    "Fwe": {
      "correct": 7,
      "total": 7,
      "accuracy": 1.0
    },
    "Gyeli": {
      "correct": 15,
      "total": 19,
      "accuracy": 0.7894736842105263
    },
    "Japhug": {
      "correct": 12,
      "total": 16,
      "accuracy": 0.75
    },
    "Kagayanen": {
      "correct": 19,
      "total": 21,
      "accuracy": 0.9047619047619048
    },
    "Kalamang": {
      "correct": 19,
      "total": 22,
      "accuracy": 0.8636363636363636
    },
    "Komnzo": {
      "correct": 23,
      "total": 27,
      "accuracy": 0.8518518518518519
    },
    "Mauwake": {
      "correct": 57,
      "total": 62,
      "accuracy": 0.9193548387096774
    },
    "Mehweb": {
      "correct": 2,
      "total": 3,
      "accuracy": 0.6666666666666666
    },
    "Moloko": {
      "correct": 13,
      "total": 14,
      "accuracy": 0.9285714285714286
    },
    "Palula": {
      "correct": 38,
      "total": 49,
      "accuracy": 0.7755102040816326
    },
    "Papuan_Malay": {
      "correct": 88,
      "total": 101,
      "accuracy": 0.8712871287128713
    },
    "Pichi": {
      "correct": 76,
      "total": 91,
      "accuracy": 0.8351648351648352
    },
    "Rapa_Nui": {
      "correct": 39,
      "total": 44,
      "accuracy": 0.8863636363636364
    },
    "Tuatschin": {
      "correct": 32,
      "total": 40,
      "accuracy": 0.8
    },
    "Ulwa": {
      "correct": 40,
      "total": 49,
      "accuracy": 0.8163265306122449
    },
    "Yauyos_Quecha": {
      "correct": 31,
      "total": 35,
      "accuracy": 0.8857142857142857
    }
  },
  "results_file": "benchmarks\\results\\qwen36_27b_s600.jsonl"
}